AccessionNumber,doi,PubMedID,title,authors,source,citations,publicationDate,fieldCode,researchDesign,individualLevelData,firstContact,dateFirstResponse,responseCode,reasons,requirements,reasonsDetail,responseType,timePeriod
WOS:000234367100010,https://dx.doi.org/10.1176/appi.ajp.163.1.28,MEDLINE:16390886,Evaluation Of Outcomes With Citalopram For Depression Using Measurement-Based Care In Star*D: Implications For Clinical Practice,"TRIVEDI, MH;RUSH, AJ;WISNIEWSKI, SR;NIERENBERG, AA;WARDEN, D;RITZ, L;NORQUIST, G;HOWLAND, RH;LEBOWITZ, B;MCGRATH, PJ;SHORES-WILSON, K;BIGGS, MM;BALASUBRAMANI, GK;FAVA, M",AMER J PSYCHIAT 163 (1): 28-40 JAN 2006,1390,2006,PSYCHIATRY,randomizedClinicalTrial,Y,6/23/17,7/24/17,8,NA,B E G,NA,Extant sharing system (restricted),2006-2016
WOS:000236541200026,https://dx.doi.org/10.1176/appi.ajp.163.4.716,MEDLINE:16585449,The Prevalence And Correlates Of Adult Adhd In The United States: Results From The National Comorbidity Survey Replication,"KESSLER, RC;ADLER, L;BARKLEY, R;BIEDERMAN, J;CONNERS, CK;DEMLER, O;FARAONE, SV;GREENHILL, LL;HOWES, MJ;SECNIK, K;SPENCER, T;USTUN, TB;WALTERS, EE;ZASLAVSKY, AM",AMER J PSYCHIAT 163 (4): 716-723 APR 2006,1301,2006,PSYCHIATRY,epidemiologicalSurvey,Y,6/23/17,6/23/17,8,NA,B,NA,Extant sharing system (restricted),2006-2016
WOS:000241669900014,https://dx.doi.org/10.1176/appi.ajp.163.11.1905,MEDLINE:17074942,Acute And Longer-Term Outcomes In Depressed Outpatients Requiring One Or Several Treatment Steps: A Star*D Report,"RUSH, AJ;TRIVEDI, MH;WISNIEWSKI, SR;NIERENBERG, AA;STEWART, JW;WARDEN, D;NIEDEREHE, G;THASE, ME;LAVORI, PW;LEBOWITZ, BD;MCGRATH, PJ;ROSENBAUM, JF;SACKEIM, HA;KUPFER, DJ;LUTHER, J;FAVA, M",AMER J PSYCHIAT 163 (11): 1905-1917 NOV 2006,1237,2006,PSYCHIATRY,randomizedClinicalTrial,Y,6/23/17,7/12/17,8,NA,B E G,NA,Extant sharing system (restricted),2006-2016
WOS:000239573200003,https://dx.doi.org/10.1001/archpsyc.63.8.856,MEDLINE:16894061,A Randomized Trial Of An N-Methyl-D-Aspartate Antagonist In Treatment-Resistant Major Depression,"ZARATE, CA;SINGH, JB;CARLSON, PJ;BRUTSCHE, NE;AMELI, R;LUCKENBAUGH, DA;CHARNEY, DS;MANJI, HK",ARCH GEN PSYCHIAT 63 (8): 856-864 AUG 2006,1078,2006,PSYCHIATRY,randomizedClinicalTrial,Y,6/23/17,6/23/17,4,C,NA,NA,Will not share data,2006-2016
WOS:000238749600008,https://dx.doi.org/10.1001/archpsyc.63.7.757,MEDLINE:16818865,Two-Year Randomized Controlled Trial And Follow-Up Of Dialectical Behavior Therapy Vs Therapy By Experts For Suicidal Behaviors And Borderline Personality Disorder,"LINEHAN, MM;COMTOIS, KA;MURRAY, AM;BROWN, MZ;GALLOP, RJ;HEARD, HL;KORSLUND, KE;TUTEK, DA;REYNOLDS, SK;LINDENBOIM, N",ARCH GEN PSYCHIAT 63 (7): 757-766 JUL 2006,604,2006,PSYCHIATRY,randomizedClinicalTrial,Y,6/23/17,NA,0,NA,NA,NA,Non-response,2006-2016
WOS:000240935900004,https://dx.doi.org/10.1001/archpsyc.63.10.1079,MEDLINE:17015810,Randomized Controlled Trial Of The Effect On Quality Of Life Of Second- Vs First-Generation Antipsychotic Drugs In Schizophrenia - Cost Utility Of The Latest Antipsychotic Drugs In Schizophrenia Study (Cutlass 1),"JONES, PB;BARNES, TRE;DAVIES, L;DUNN, G;LLOYD, H;HAYHURST, KP;MURRAY, RM;MARKWICK, A;LEWIS, SW",ARCH GEN PSYCHIAT 63 (10): 1079-U6 OCT 2006,592,2006,PSYCHIATRY,randomizedClinicalTrial,Y,6/23/17,6/26/17,3,NA,NA,NA,Sharing with METRICS only,2006-2016
WOS:000242253400011,https://dx.doi.org/10.1002/gps.1610,MEDLINE:16977673,The Addenbrookes Cognitive Examination Revised (Ace-R): A Brief Cognitive Test Battery For Dementia Screening,"MIOSHI, E;DAWSON, K;MITCHELL, J;ARNOLD, R;HODGES, JR",INT J GERIAT PSYCHIAT 21 (11): 1078-1085 NOV 2006,541,2006,PSYCHIATRY,instrumentDevelopment,Y,6/23/17,7/13/17,5,NA,NA,NA,Non-response,2006-2016
WOS:000241171600003,https://dx.doi.org/10.1007/s10803-006-0123-0,MEDLINE:16845581,Comorbid Psychiatric Disorders In Children With Autism: Interview Development And Rates Of Disorders,"LEYFER, OT;FOLSTEIN, SE;BACALMAN, S;DAVIS, NO;DINH, E;MORGAN, J;TAGER-FLUSBERG, H;LAINHART, JE",J AUTISM DEV DISORD 36 (7): 849-861 OCT 2006,534,2006,PSYCHIATRY,instrumentDevelopment,Y,6/23/17,NA,0,NA,NA,NA,Non-response,2006-2016
WOS:000238749600015,https://dx.doi.org/10.1001/archpsyc.63.7.824,MEDLINE:16818872,Association Between Obesity And Psychiatric Disorders In The Us Adult Population,"SIMON, GE;VON KORFF, M;SAUNDERS, K;MIGLIORETTI, DL;CRANE, PK;VAN BELLE, G;KESSLER, RC",ARCH GEN PSYCHIAT 63 (7): 824-830 JUL 2006,508,2006,PSYCHIATRY,epidemiologicalSurvey,Y,6/23/17,6/23/17,4,D,NA,generated elsewhere,Will not share data,2006-2016
WOS:000236541200011,https://dx.doi.org/10.1176/appi.ajp.163.4.600,MEDLINE:16585434,"Effectiveness Of Clozapine Versus Olanzapine, Quetiapine, And Risperidone In Patients With Chronic Schizophrenia Who Did Not Respond To Prior Atypical Antipsychotic Treatment","MCEVOY, JP;LIEBERMAN, JA;STROUP, TS;DAVIS, SM;MELTZER, HY;ROSENHECK, RA;SWARTZ, MS;PERKINS, DO;KEEFE, RSE;DAVIS, CE;SEVERE, J;HSIAO, JK",AMER J PSYCHIAT 163 (4): 600-610 APR 2006,454,2006,PSYCHIATRY,randomizedClinicalTrial,Y,6/23/17,NA,0,NA,NA,NA,Non-response,2006-2016
WOS:000241171500007,https://dx.doi.org/10.1016/j.psychres.2006.05.010,MEDLINE:16887199,Non-Suicidal Self-Injury Among Adolescents: Diagnostic Correlates And Relation To Suicide Attempts,"NOCK, MK;JOINER, TE;GORDON, KH;LLOYD-RICHARDSON, E;PRINSTEIN, MJ",PSYCHIAT RES 144 (1): 65-72 SEP 30 2006,440,2006,PSYCHIATRY,fieldStudy,Y,6/23/17,7/2/17,4,E,NA,data lost,Will not share data,2006-2016
WOS:000235482600003,https://dx.doi.org/10.1177/1073191105283504,MEDLINE:16443717,Using Self-Report Assessment Methods To Explore Facets Of Mindfulness,"BAER, RA;SMITH, GT;HOPKINS, J;KRIETEMEYER, J;TONEY, L",ASSESSMENT 13 (1): 27-45 MAR 2006,1071,2006,PSYCHOLOGY,instrumentDevelopment,Y,6/23/17,7/13/17,6,NA,NA,NA,Non-response,2006-2016
WOS:000239365700013,https://dx.doi.org/10.1177/0013164405282471,NA,The Measurement Of Work Engagement With A Short Questionnaire - A Cross-National Study,"SCHAUFELI, WB;BAKKER, AB;SALANOVA, M",EDUC PSYCHOL MEAS 66 (4): 701-716 AUG 2006,651,2006,PSYCHOLOGY,epidemiologicalSurvey,Y,6/23/17,NA,0,NA,NA,NA,Non-response,2006-2016
WOS:000238133100013,https://dx.doi.org/10.1016/j.jpsychores.2005.10.020,MEDLINE:16731240,The Brief Illness Perception Questionnaire,"BROADBENT, E;PETRIE, KJ;MAIN, J;WEINMAN, J",J PSYCHOSOM RES 60 (6): 631-637 JUN 2006,620,2006,PSYCHOLOGY,instrumentDevelopment,Y,6/23/17,6/23/17,4,E,NA,data destroyed,Will not share data,2006-2016
WOS:000235537400012,https://dx.doi.org/10.1111/j.1467-9280.2006.01693.x,MEDLINE:16507066,Test-Enhanced Learning - Taking Memory Tests Improves Long-Term Retention,"ROEDIGER, HL;KARPICKE, JD",PSYCHOL SCI 17 (3): 249-255 MAR 2006,578,2006,PSYCHOLOGY,laboratoryExperiment,Y,6/23/17,6/23/17,4,E,NA,data lost,Will not share data,2006-2016
WOS:000239403300003,https://dx.doi.org/10.1016/j.neuropsychologia.2006.02.006,MEDLINE:16580701,"Development Of Cognitive Control And Executive Functions From 4 To 13 Years: Evidence From Manipulations Of Memory, Inhibition, And Task Switching","DAVIDSON, MC;AMSO, D;ANDERSON, LC;DIAMOND, A",NEUROPSYCHOLOGIA 44 (11): 2037-2078 2006,529,2006,PSYCHOLOGY,laboratoryExperiment,Y,6/23/17,NA,0,NA,NA,NA,Non-response,2006-2016
WOS:000239608900003,https://dx.doi.org/10.1037/0022-006X.74.4.658,MEDLINE:16881773,"Randomized Trial Of Behavioral Activation, Cognitive Therapy, And Antidepressant Medication In The Acute Treatment Of Adults With Major Depression","DIMIDJIAN, S;HOLLON, SD;DOBSON, KS;SCHMALING, KB;KOHLENBERG, RJ;ADDIS, ME;GALLOP, R;MCGLINCHEY, JB;MARKLEY, DK;GOLLAN, JK;ATKINS, DC;DUNNER, DL;JACOBSON, NS",J CONSULT CLIN PSYCHOL 74 (4): 658-670 AUG 2006,528,2006,PSYCHOLOGY,randomizedClinicalTrial,Y,6/23/17,NA,0,NA,NA,NA,Non-response,2006-2016
WOS:000234583100008,https://dx.doi.org/10.1037/0022-0167.53.1.80,NA,The Meaning In Life Questionnaire: Assessing The Presence Of And Search For Meaning In Life,"STEGER, MF;FRAZIER, P;OISHI, S;KALER, M",J COUNS PSYCHOL 53 (1): 80-93 JAN 2006,501,2006,PSYCHOLOGY,instrumentDevelopment,Y,6/23/17,7/11/17,5,NA,NA,NA,Non-response,2006-2016
WOS:000238749700008,https://dx.doi.org/10.1111/j.1467-9280.2006.01750.x,MEDLINE:16866745,First Impressions: Making Up Your Mind After A 100-Ms Exposure To A Face,"WILLIS, J;TODOROV, A",PSYCHOL SCI 17 (7): 592-598 JUL 2006,482,2006,PSYCHOLOGY,laboratoryExperiment,Y,6/23/17,6/29/17,2,NA,NA,NA,Data Ark (restricted),2006-2016
WOS:000239403300002,https://dx.doi.org/10.1016/j.neuropsychologia.2006.01.010,MEDLINE:16527316,Age-Related Change In Executive Function: Developmental Trends And A Latent Variable Analysis,"HUIZINGA, M;DOLAN, CV;VAN DER MOLEN, MW",NEUROPSYCHOLOGIA 44 (11): 2017-2036 2006,470,2006,PSYCHOLOGY,laboratoryExperiment,Y,6/23/17,7/6/17,4,C,NA,NA,Will not share data,2006-2016
WOS:000247698700008,https://dx.doi.org/10.1001/archpsyc.64.7.830,MEDLINE:17606817,"Prevalence, Correlates, Disability, And Comorbidity Of Dsm-Iv Alcohol Abuse And Dependence In The United States - Results From The National Epidemiologic Survey On Alcohol And Related Conditions","HASIN, DS;STINSON, FS;OGBURN, E;GRANT, BF",ARCH GEN PSYCHIAT 64 (7): 830-842 JUL 2007,989,2007,PSYCHIATRY,epidemiologicalSurvey,Y,6/23/17,6/23/17,8,NA,B D,NA,Extant sharing system (restricted),2006-2016
WOS:000244557800015,https://dx.doi.org/10.1176/appi.ajp.164.3.450,MEDLINE:17329470,Aberrant Default Mode Functional Connectivity In Schizophrenia,"GARRITY, AG;PEARLSON, GD;MCKIERNAN, K;LLOYD, D;KIEHL, KA;CALHOUN, VD",AMER J PSYCHIAT 164 (3): 450-457 MAR 2007,530,2007,PSYCHIATRY,caseControl,Y,6/23/17,NA,0,NA,NA,NA,Non-response,2006-2016
WOS:000247005100003,https://dx.doi.org/10.1001/archpsyc.64.6.633,MEDLINE:17548746,Neurocognitive Effects Of Antipsychotic Medications In Patients With Chronic Schizophrenia In The Catie Trial,"KEEFE, RSE;BILDER, RM;DAVIS, SM;HARVEY, PD;PALMER, BW;GOLD, JM;MELTZER, HY;GREEN, MF;CAPUANO, G;STROUP, TS;MCEVOY, JP;SWARTZ, MS;ROSCNHECK, RA;PERKINS, DO;DAVIS, CE;HSIAO, JK;LIEBERMAN, JA",ARCH GEN PSYCHIAT 64 (6): 633-647 JUN 2007,526,2007,PSYCHIATRY,randomizedClinicalTrial,Y,6/23/17,6/24/17,8,NA,B E G,NA,Extant sharing system (restricted),2006-2016
WOS:000246263300006,https://dx.doi.org/10.1001/archpsyc.64.5.566,MEDLINE:17485608,"Prevalence, Correlates, Disability, And Comorbidity Of Dsm-Iv Drug Abuse And Dependence In The United States - Results From The National Epidemiologic Survey On Alcohol And Related Conditions","COMPTON, WM;THOMAS, YF;STINSON, FS;GRANT, BF",ARCH GEN PSYCHIAT 64 (5): 566-576 MAY 2007,523,2007,PSYCHIATRY,epidemiologicalSurvey,Y,6/23/17,6/23/17,8,NA,B D,NA,Extant sharing system (restricted),2006-2016
WOS:000246380700008,https://dx.doi.org/10.1192/bjp.bp.106.034389,MEDLINE:17470954,Cross-National Prevalence And Correlates Of Adult Attention-Deficit Hyperactivity Disorder,"FAYYAD, J;DE GRAAF, R;KESSLER, R;ALONSO, J;ANGERMEYER, M;DEMYTTENAERE, K;DE GIROLAMO, G;HARO, JM;KARAM, EG;LARA, C;LEPINE, JP;ORMEL, J;POSADA-VILLA, J;ZASLAVSKY, AM;JIN, R",BRIT J PSYCHIAT 190: 402-409 MAY 2007,447,2007,PSYCHIATRY,epidemiologicalSurvey,Y,6/23/17,NA,0,NA,NA,NA,Non-response,2006-2016
WOS:000250863500012,https://dx.doi.org/10.1037/0012-1649.43.6.1428,MEDLINE:18020822,School Readiness And Later Achievement,"DUNCAN, GJ;CLAESSENS, A;HUSTON, AC;PAGANI, LS;ENGEL, M;SEXTON, H;JAPEL, C;DOWSETT, CJ;MAGNUSON, K;KLEBANOV, P;FEINSTEIN, L;BROOKS-GUNN, J;DUCKWORTH, K",DEVELOP PSYCHOL 43 (6): 1428-1446 NOV 2007,893,2007,PSYCHOLOGY,fieldStudy,Y,6/23/17,6/24/17,4,D,NA,generated elsewhere,Will not share data,2006-2016
WOS:000249837400013,https://dx.doi.org/10.3758/BF03193014,MEDLINE:17958156,The English Lexicon Project,"BALOTA, DA;YAP, MJ;CORTESE, MJ;HUTCHISON, KA;KESSLER, B;LOFTIS, B;NEELY, JH;NELSON, DL;SIMPSON, GB;TREIMAN, R",BEHAV RES METHODS 39 (3): 445-459 AUG 2007,733,2007,PSYCHOLOGY,instrumentDevelopment,Y,6/23/17,6/26/17,1,NA,NA,NA,Data Ark (unrestricted),2006-2016
WOS:000245099600018,https://dx.doi.org/10.1111/j.1467-8624.2007.01019.x,MEDLINE:17381795,"Relating Effortful Control, Executive Function, And False Belief Understanding To Emerging Math And Literacy Ability In Kindergarten","BLAIR, C;RAZZA, RP",CHILD DEVELOP 78 (2): 647-663 MAR-APR 2007,681,2007,PSYCHOLOGY,fieldStudy,Y,6/23/17,7/11/17,5,NA,NA,NA,Non-response,2006-2016
WOS:000245477100001,https://dx.doi.org/10.1016/j.neuropsychologia.2006.10.016,MEDLINE:17126370,Remembering The Past And Imagining The Future: Common And Distinct Neural Substrates During Event Construction And Elaboration,"ADDIS, DR;WONG, AT;SCHACTER, DL",NEUROPSYCHOLOGIA 45 (7): 1363-1377 2007,648,2007,PSYCHOLOGY,laboratoryExperiment,Y,6/23/17,6/30/17,1,NA,NA,NA,Data Ark (unrestricted),2006-2016
WOS:000246966700012,https://dx.doi.org/10.1111/j.1467-9280.2007.01917.x,MEDLINE:17576283,"The Constructive, Destructive And Reconstructive Power Of Social Norms","SCHULTZ, PW;NOLAN, JM;CIALDINI, RB;GOLDSTEIN, NJ;GRISKEVICIUS, V",PSYCHOL SCI 18 (5): 429-434 MAY 2007,509,2007,PSYCHOLOGY,fieldStudy,Y,6/23/17,NA,0,NA,NA,NA,Non-response,2006-2016
WOS:000258043800013,https://dx.doi.org/10.1097/CHI.0b013e318179964f,MEDLINE:18645422,"Psychiatric Disorders In Children With Autism Spectrum Disorders: Prevalence, Comorbidity, And Associated Factors In A Population-Derived Sample","SIMONOFF, E;PICKLES, A;CHARMAN, T;CHANDLER, S;LOUCAS, T;BAIRD, G",J AMER ACAD CHILD ADOLESC PSY 47 (8): 921-929 AUG 2008,665,2008,PSYCHIATRY,epidemiologicalSurvey,Y,6/23/17,6/23/17,5,NA,NA,NA,Non-response,2006-2016
WOS:000252176400005,https://dx.doi.org/10.1001/archgenpsychiatry.2007.3,MEDLINE:18180426,Prediction Of Psychosis In Youth At High Clinical Risk,"CANNON, TD;CADENHEAD, K;CORNBLATT, B;WOODS, SW;ADDINGTON, J;WALKER, E;SEIDMAN, LJ;PERKINS, D;TSUANG, M;MCGLASHAN, T;HEINSSEN, R",ARCH GEN PSYCHIAT 65 (1): 28-37 JAN 2008,643,2008,PSYCHIATRY,fieldStudy,Y,6/23/17,6/28/17,8,NA,E,NA,Extant sharing system (restricted),2006-2016
WOS:000253410700005,https://dx.doi.org/10.1192/bjp.bp.107.040113,MEDLINE:18245022,"Cross-National Prevalence And Risk Factors For Suicidal Ideation, Plans And Attempts","NOCK, MK;BORGES, G;BROMET, EJ;ALONSO, J;ANGERMEYER, M;BEAUTRAIS, A;BRUFFAERTS, R;CHIU, WT;DE GIROLAMO, G;GLUZMAN, S;DE GRAAF, R;GUREJE, O;HARO, JM;HUANG, Y;KARAM, E;KESSLER, RC;LEPINE, JP;LEVINSON, D;MEDINA-MORA, ME;ONO, Y;POSADA-VILLA, J;WILLIAMS, D",BRIT J PSYCHIAT 192 (2): 98-105 FEB 2008,481,2008,PSYCHIATRY,epidemiologicalSurvey,Y,6/23/17,7/11/17,4,D,NA,generated elsewhere,Will not share data,2006-2016
WOS:000255215200004,https://dx.doi.org/,MEDLINE:18426259,"Prevalence, Correlates, Disability, And Comorbidity Of Dsm-Iv Borderline Personality Disorder: Results From The Wave 2 National Epidemiologic Survey On Alcohol And Related Conditions","GRANT, BF;CHOU, SP;GOLDSTEIN, RB;HUANG, B;STINSON, FS;SAHA, TD;SMITH, SM;DAWSON, DA;PULAY, AJ;PICKERING, RP;RUAN, WJ",J CLIN PSYCHIAT 69 (4): 533-545 APR 2008,424,2008,PSYCHIATRY,epidemiologicalSurvey,Y,6/23/17,6/23/17,8,NA,B D,NA,Extant sharing system (restricted),2006-2016
WOS:000255921200010,https://dx.doi.org/10.1073/pnas.0801268105,MEDLINE:18443283,Improving Fluid Intelligence With Training On Working Memory,"JAEGGI, SM;BUSCHKUEHL, M;JONIDES, J;PERRIG, WJ",PROC NAT ACAD SCI USA 105 (19): 6829-6833 MAY 13 2008,596,2008,PSYCHOLOGY,laboratoryExperiment,Y,6/23/17,NA,0,NA,NA,NA,Non-response,2006-2016
WOS:000255592400042,https://dx.doi.org/10.1038/nature06860,MEDLINE:18385672,Discrete Fixed-Resolution Representations In Visual Working Memory,"ZHANG, WW;LUCK, SJ",NATURE 453 (7192): 233-U13 MAY 8 2008,437,2008,PSYCHOLOGY,laboratoryExperiment,Y,6/23/17,NA,0,NA,NA,NA,Non-response,2006-2016
WOS:000254275700003,https://dx.doi.org/10.1111/j.1469-7610.2007.01846.x,MEDLINE:18363945,Cyberbullying: Its Nature And Impact In Secondary School Pupils,"SMITH, PK;MAHDAVI, J;CARVALHO, M;FISHER, S;RUSSELL, S;TIPPETT, N",J CHILD PSYCHOL PSYCHIAT 49 (4): 376-385 APR 2008,428,2008,PSYCHOLOGY,fieldStudy,Y,6/23/17,7/12/17,5,NA,NA,NA,Non-response,2006-2016
WOS:000259639700047,https://dx.doi.org/10.1038/nature07246,MEDLINE:18776888,Individual Differences In Non-Verbal Number Acuity Correlate With Maths Achievement,"HALBERDA, J;MAZZOCCO, MMM;FEIGENSON, L",NATURE 455 (7213): 665-U62 OCT 2 2008,426,2008,PSYCHOLOGY,fieldStudy,Y,6/23/17,7/18/17,4,A,NA,data sharing not on consent form,Will not share data,2006-2016
WOS:000269118700014,https://dx.doi.org/10.1016/j.psychres.2008.05.006,MEDLINE:19564050,The Nimstim Set Of Facial Expressions: Judgments From Untrained Research Participants,"TOTTENHAM, N;TANAKA, JW;LEON, AC;MCCARRY, T;NURSE, M;HARE, TA;MARCUS, DJ;WESTERLUND, A;CASEY, BJ;NELSON, C",PSYCHIAT RES 168 (3): 242-249 AUG 15 2009,974,2009,PSYCHIATRY,instrumentDevelopment,Y,6/23/17,7/18/17,1,NA,NA,NA,Data Ark (unrestricted),2006-2016
WOS:000265305100007,https://dx.doi.org/10.1037/a0015141,MEDLINE:19379034,Liberals And Conservatives Rely On Different Sets Of Moral Foundations,"GRAHAM, J;HAIDT, J;NOSEK, BA",J PERSONAL SOC PSYCHOL 96 (5): 1029-1046 MAY 2009,499,2009,PSYCHOLOGY,fieldStudy,Y,6/23/17,7/25/17,8,NA,A,NA,Extant sharing system (unrestricted),2006-2016
WOS:000274139600003,https://dx.doi.org/,MEDLINE:20124111,Childhood Adversities And Adult Psychiatric Disorders In The National Comorbidity Survey Replication I Associations With First Onset Of Dsm-Iv Disorders,"GREEN, JG;MCLAUGHLIN, KA;BERGLUND, PA;GRUBER, MJ;SAMPSON, NA;ZASLAVSKY, AM;KESSLER, RC",ARCH GEN PSYCHIAT 67 (2): 113-123 FEB 2010,423,2010,PSYCHIATRY,epidemiologicalSurvey,Y,6/23/17,6/23/17,8,NA,B,NA,Extant sharing system (restricted),2006-2016
WOS:000282295600002,https://dx.doi.org/10.1016/j.jaac.2010.05.017,MEDLINE:20855043,Lifetime Prevalence Of Mental Disorders In U.S. Adolescents: Results From The National Comorbidity Survey Replication-Adolescent Supplement (Ncs-A),"MERIKANGAS, KR;HE, JP;BURSTEIN, M;SWANSON, SA;AVENEVOLI, S;CUI, LH;BENJET, C;GEORGIADES, K;SWENDSEN, J",J AMER ACAD CHILD ADOLESC PSY 49 (10): 980-989 OCT 2010,866,2010,PSYCHOLOGY,epidemiologicalSurvey,Y,6/23/17,NA,0,NA,NA,NA,Non-response,2006-2016
WOS:000281821900008,https://dx.doi.org/,NA,Running Experiments On Amazon Mechanical Turk,"PAOLACCI, G;CHANDLER, J;IPEIROTIS, PG",JUDGM DECIS MAK 5 (5): 411-419 AUG 2010,786,2010,PSYCHOLOGY,fieldStudy,Y,6/23/17,7/7/17,1,NA,NA,NA,Data Ark (unrestricted),2006-2016
WOS:000296649800004,https://dx.doi.org/10.1001/archgenpsychiatry.2011.76,MEDLINE:21727249,Genetic Heritability And Shared Environmental Factors Among Twin Pairs With Autism,"HALLMAYER, J;CLEVELAND, S;TORRES, A;PHILLIPS, J;COHEN, B;TORIGOE, T;MILLER, J;FEDELE, A;COLLINS, J;SMITH, K;LOTSPEICH, L;CROEN, LA;OZONOFF, S;LAJONCHERE, C;GRETHER, JK;RISCH, N",ARCH GEN PSYCHIAT 68 (11): 1095-1102 NOV 2011,493,2011,PSYCHIATRY,caseControl,Y,6/23/17,NA,0,NA,NA,NA,Non-response,2006-2016
WOS:000288086900004,https://dx.doi.org/10.1001/archgenpsychiatry.2011.12,MEDLINE:21383262,Prevalence And Correlates Of Bipolar Spectrum Disorder In The World Mental Health Survey Initiative,"MERIKANGAS, KR;JIN, R;HE, JP;KESSLER, RC;LEE, S;SAMPSON, NA;VIANA, MC;ANDRADE, LH;HU, CY;KARAM, EG;LADEA, M;MEDINA-MORA, ME;ONO, Y;POSADA-VILLA, J;SAGAR, R;WELLS, JE;ZARKOV, Z",ARCH GEN PSYCHIAT 68 (3): 241-251 MAR 2011,428,2011,PSYCHIATRY,epidemiologicalSurvey,Y,6/23/17,NA,0,NA,NA,NA,Non-response,2006-2016
WOS:000287080100001,https://dx.doi.org/10.1177/1745691610393980,MEDLINE:26162106,"Amazons Mechanical Turk: A New Source Of Inexpensive, Yet High-Quality, Data?","BUHRMESTER, M;KWANG, T;GOSLING, SD",PERSPECT PSYCHOL SCI 6 (1): 3-5 JAN 2011,1768,2011,PSYCHOLOGY,fieldStudy,Y,6/23/17,7/12/17,5,NA,NA,NA,Non-response,2006-2016
WOS:000300826400001,https://dx.doi.org/10.1177/0956797611417632,MEDLINE:22006061,False-Positive Psychology: Undisclosed Flexibility In Data Collection And Analysis Allows Presenting Anything As Significant,"SIMMONS, JP;NELSON, LD;SIMONSOHN, U",PSYCHOL SCI 22 (11): 1359-1366 NOV 2011,886,2011,PSYCHOLOGY,laboratoryExperiment,Y,6/23/17,7/11/17,1,NA,NA,NA,Data Ark (unrestricted),2006-2016
WOS:000287377000018,https://dx.doi.org/10.1073/pnas.1010076108,MEDLINE:21262822,"A Gradient Of Childhood Self-Control Predicts Health, Wealth, And Public Safety","MOFFITT, TE;ARSENEAULT, L;BELSKY, D;DICKSON, N;HANCOX, RJ;HARRINGTON, H;HOUTS, R;POULTON, R;ROBERTS, BW;ROSS, S;SEARS, MR;THOMSON, WM;CASPI, A",PROC NAT ACAD SCI USA 108 (7): 2693-2698 FEB 15 2011,597,2011,PSYCHOLOGY,fieldStudy,Y,6/23/17,6/28/17,8,NA,B D E F,NA,Extant sharing system (restricted),2006-2016
WOS:000329621800034,https://dx.doi.org/10.1038/nature12818,MEDLINE:24352232,Cnvs Conferring Risk Of Autism Or Schizophrenia Affect Cognition In Controls,"STEFANSSON, H;MEYER-LINDENBERG, A;STEINBERG, S;MAGNUSDOTTIR, B;MORGEN, K;ARNARSDOTTIR, S;BJORNSDOTTIR, G;BRAGIWALTERS, G;JONSDOTTIR, GA;DOYLE, OM;TOST, H;GRIMM, O;KRISTJANSDOTTIR, S;SNORRASON, H;DAVIDSDOTTIR, SR;GUDMUNDSSON, LJ;JONSSON, GF;STEFANSDOTTIR, B;HELGADOTTIR, I;HARALDSSON, M;JONSDOTTIR, B;THYGESEN, JH;SCHWARZ, AJ;DIDRIKSEN, M;STENSBOL, TB;BRAMMER, M;KAPUR, S;HALLDORSSON, JG;HREIDARSSON, S;SAEMUNDSEN, E;SIGURDSSON, E;STEFANSSON, K",NATURE 505 (7483): 361-+ JAN 16 2014,147,2014,PSYCHIATRY,caseControl,Y,6/23/17,7/11/17,4,A,NA,prohibited by law,Will not share data,2014-2016
WOS:000329016100006,https://dx.doi.org/10.1016/j.jaac.2013.09.001,MEDLINE:24342384,"Trends In The Parent-Report Of Health Care Provider-Diagnosed And Medicated Attention-Deficit/Hyperactivity Disorder: United States, 2003-2011","VISSER, SN;DANIELSON, ML;BITSKO, RH;HOLBROOK, JR;KOGAN, MD;GHANDOUR, RM;PEROU, R;BLUMBERG, SJ",J AMER ACAD CHILD ADOLESC PSY 53 (1): 34-46 JAN 2014,133,2014,PSYCHIATRY,epidemiologicalSurvey,Y,6/23/17,NA,0,NA,NA,NA,Non-response,2014-2016
WOS:000329905200017,https://dx.doi.org/10.1093/schbul/sbs136,MEDLINE:23180756,Comorbid Depressive And Anxiety Disorders In 509 Individuals With An At-Risk Mental State: Impact On Psychopathology And Transition To Psychosis,"FUSAR-POLI, P;NELSON, B;VALMAGGIA, L;YUNG, AR;MCGUIRE, PK",SCHIZOPHRENIA BULL 40 (1): 120-131 JAN 2014,85,2014,PSYCHIATRY,fieldStudy,Y,6/23/17,6/26/17,4,D,NA,generated elsewhere,Will not share data,2014-2016
WOS:000336638600010,https://dx.doi.org/10.1176/appi.ajp.2013.13070864,MEDLINE:24577245,Psychiatric Disorders From Childhood To Adulthood In 22Q11.2 Deletion Syndrome: Results From The International Consortium On Brain And Behavior In 22Q11.2 Deletion Syndrome,"SCHNEIDER, M;DEBBANE, M;BASSETT, AS;CHOW, EWC;FUNG, WLA;VAN DEN BREE, MBM;OWEN, M;MURPHY, KC;NIARCHOU, M;KATES, WR;ANTSHEL, KM;FREMONT, W;MCDONALD-MCGINN, DM;GUR, RE;ZACKAI, EH;VORSTMAN, J;DUIJFF, SN;KLAASSEN, PWJ;SWILLEN, A;GOTHELF, D;GREEN, T;WEIZMAN, A;VAN AMELSVOORT, T;EVERS, L;BOOT, E;SHASHI, V;HOOPER, SR;BEARDEN, CE;JALBRZIKOWSKI, M;ARMANDO, M;VICARI, S;MURPHY, DG;OUSLEY, O;CAMPBELL, LE;SIMON, TJ;ELIEZ, S",AMER J PSYCHIAT 171 (6): 627-639 JUN 2014,84,2014,PSYCHIATRY,fieldStudy,Y,6/23/17,NA,0,NA,NA,NA,Non-response,2014-2016
WOS:000345004900004,https://dx.doi.org/10.1017/S1461145714000546,MEDLINE:24787143,"A Randomized, Double-Blind, Placebo-Controlled Study Of Vortioxetine On Cognitive Function In Depressed Adults","MCINTYRE, RS;LOPHAVEN, S;OLSEN, CK",INT J NEUROPSYCHOPHARMACOL 17 (10): 1557-1567 OCT 2014,76,2014,PSYCHIATRY,randomizedClinicalTrial,Y,6/23/17,7/12/17,4,D,NA,proprietary,Will not share data,2014-2016
WOS:000331488900005,https://dx.doi.org/10.1192/bjp.bp.113.131052,MEDLINE:24311552,Analysis Of Copy Number Variations At 15 Schizophrenia-Associated Loci,"REES, E;WALTERS, JTR;GEORGIEVA, L;ISLES, AR;CHAMBERT, KD;RICHARDS, AL;MAHONEY-DAVIES, G;LEGGE, SE;MORAN, JL;MCCARROLL, SA;ODONOVAN, MC;OWEN, MJ;KIROV, G",BRIT J PSYCHIAT 204 (2): 108-114 FEB 2014,72,2014,PSYCHIATRY,caseControl,Y,6/23/17,NA,0,NA,NA,NA,Non-response,2014-2016
WOS:000335947600008,https://dx.doi.org/10.1001/jamapsychiatry.2014.30,MEDLINE:24590178,Prevalence And Correlates Of Suicidal Behavior Among Soldiers Results From The Army Study To Assess Risk And Resilience In Servicemembers (Army Starrs),"NOCK, MK;STEIN, MB;HEERINGA, SG;URSANO, RJ;COLPE, LJ;FULLERTON, CS;HWANG, I;NAIFEH, JA;SAMPSON, NA;SCHOENBAUM, M;ZASLAVSKY, AM;KESSLER, RC",JAMA PSYCHIATRY 71 (5): 514-522 MAY 2014,69,2014,PSYCHIATRY,epidemiologicalSurvey,Y,6/23/17,7/11/17,8,NA,B,NA,Extant sharing system (restricted),2014-2016
WOS:000330601100009,https://dx.doi.org/10.1176/appi.ajp.2013.13070984,MEDLINE:24170180,"Lurasidone Monotherapy In The Treatment Of Bipolar I Depression: A Randomized, Double-Blind, Placebo-Controlled Study","LOEBEL, A;CUCCHIARO, J;SILVA, R;KROGER, H;HSU, J;SARMA, K;SACHS, G",AMER J PSYCHIAT 171 (2): 160-168 FEB 2014,68,2014,PSYCHIATRY,randomizedClinicalTrial,Y,6/23/17,NA,0,NA,NA,NA,Non-response,2014-2016
WOS:000331370400012,https://dx.doi.org/10.1001/jamapsychiatry.2013.3074,MEDLINE:24285382,"National Trends In The Mental Health Care Of Children, Adolescents, And Adults By Office-Based Physicians","OLFSON, M;BLANCO, C;WANG, S;LAJE, G;CORRELL, CU",JAMA PSYCHIATRY 71 (1): 81-90 JAN 2014,67,2014,PSYCHIATRY,epidemiologicalSurvey,Y,6/23/17,7/12/17,8,NA,B,NA,Extant sharing system (restricted),2014-2016
WOS:000329862500243,https://dx.doi.org/10.1371/journal.pone.0085373,MEDLINE:24416398,Role Of The Dlgap2 Gene Encoding The Sap90/Psd-95-Associated Protein 2 In Schizophrenia,"LI, JM;LU, CL;CHENG, MC;LUU, SU;HSU, SH;HU, TM;TSAI, HY;CHEN, CH",PLOS ONE 9 (1): - JAN 8 2014,66,2014,PSYCHIATRY,caseControl,Y,6/23/17,NA,0,NA,NA,NA,Non-response,2014-2016
WOS:000337507500001,https://dx.doi.org/10.1038/tp.2013.111,MEDLINE:24399042,Genome-Wide Dna Methylation Analysis Of Human Brain Tissue From Schizophrenia Patients,"WOCKNER, LF;NOBLE, EP;LAWFORD, BR;YOUNG, RM;MORRIS, CP;WHITEHALL, VLJ;VOISEY, J",TRANSL PSYCHIATR 4: - JAN 2014,61,2014,PSYCHIATRY,caseControl,Y,6/23/17,6/25/17,8,NA,A,NA,Extant sharing system (unrestricted),2014-2016
WOS:000335947600014,https://dx.doi.org/10.1001/jamapsychiatry.2013.4642,MEDLINE:24671165,A Smartphone Application To Support Recovery From Alcoholism A Randomized Clinical Trial,"GUSTAFSON, DH;MCTAVISH, FM;CHIH, MY;ATWOOD, AK;JOHNSON, RA;BOYLE, MG;LEVY, MS;DRISCOLL, H;CHISHOLM, S;DILLENBURG, L;ISHAM, A;SHAH, D",JAMA PSYCHIATRY 71 (5): 566-572 MAY 2014,61,2014,PSYCHIATRY,randomizedClinicalTrial,Y,6/23/17,7/12/17,4,B,NA,NA,Will not share data,2014-2016
WOS:000332769700007,https://dx.doi.org/10.1001/jamapsychiatry.2013.3730,MEDLINE:24402055,Methylome-Wide Association Study Of Schizophrenia Identifying Blood Biomarker Signatures Of Environmental Insults,"ABERG, KA;MCCLAY, JL;NERELLA, S;CLARK, S;KUMAR, G;CHEN, WA;KHACHANE, AN;XIE, LY;HUDSON, A;GAO, GM;HARADA, A;HULTMAN, CM;SULLIVAN, PF;MAGNUSSON, PKE;VAN DEN OORD, EJCG",JAMA PSYCHIATRY 71 (3): 255-264 MAR 2014,61,2014,PSYCHIATRY,caseControl,Y,6/23/17,NA,0,NA,NA,NA,Non-response,2014-2016
WOS:000330601100010,https://dx.doi.org/10.1176/appi.ajp.2013.13070985,MEDLINE:24170221,"Lurasidone As Adjunctive Therapy With Lithium Or Valproate For The Treatment Of Bipolar I Depression: A Randomized, Double-Blind, Placebo-Controlled Study","LOEBEL, A;CUCCHIARO, J;SILVA, R;KROGER, H;SARMA, K;XU, J;CALABRESE, JR",AMER J PSYCHIAT 171 (2): 169-177 FEB 2014,60,2014,PSYCHIATRY,randomizedClinicalTrial,Y,6/23/17,6/23/17,4,D,NA,proprietary,Will not share data,2014-2016
WOS:000339988900013,https://dx.doi.org/10.1176/appi.ajp.2014.13121571,MEDLINE:24832930,Influences Of Maternal And Paternal Ptsd On Epigenetic Regulation Of The Glucocorticoid Receptor Gene In Holocaust Survivor Offspring,"YEHUDA, R;DASKALAKIS, NP;LEHRNER, A;DESARNAUD, F;BADER, HN;MAKOTKINE, I;FLORY, JD;BIERER, LM;MEANEY, MJ",AMER J PSYCHIAT 171 (8): 872-880 AUG 2014,60,2014,PSYCHIATRY,caseControl,Y,6/23/17,7/12/17,4,B,NA,NA,Will not share data,2014-2016
WOS:000335947600006,https://dx.doi.org/10.1001/jamapsychiatry.2013.4417,MEDLINE:24590048,Predictors Of Suicide And Accident Death In The Army Study To Assess Risk And Resilience In Servicemembers (Army Starrs) Results From The Army Study To Assess Risk And Resilience In Servicemembers (Army Starrs),"SCHOENBAUM, M;KESSLER, RC;GILMAN, SE;COLPE, LJ;HEERINGA, SG;STEIN, MB;URSANO, RJ;COX, KL",JAMA PSYCHIATRY 71 (5): 493-503 MAY 2014,59,2014,PSYCHIATRY,fieldStudy,Y,6/23/17,6/23/17,4,D,NA,proprietary,Will not share data,2014-2016
WOS:000332419600023,https://dx.doi.org/10.1093/schbul/sbt037,MEDLINE:23519021,Aberrant Dependence Of Default Mode/Central Executive Network Interactions On Anterior Insular Salience Network Activity In Schizophrenia,"MANOLIU, A;RIEDL, V;ZHERDIN, A;MUHLAU, M;SCHWERTHOFFER, D;SCHERR, M;PETERS, H;ZIMMER, C;FORSTL, H;BAUML, J;WOHLSCHLAGER, AM;SORG, C",SCHIZOPHRENIA BULL 40 (2): 428-437 MAR 2014,58,2014,PSYCHIATRY,caseControl,Y,6/23/17,NA,0,NA,NA,NA,Non-response,2014-2016
WOS:000335926500014,https://dx.doi.org/10.1001/jamapsychiatry.2013.4525,MEDLINE:24577047,Paternal Age At Childbearing And Offspring Psychiatric And Academic Morbidity,"DONOFRIO, BM;RICKERT, ME;FRANS, E;KUJA-HALKOLA, R;ALMQVIST, C;SJOLANDER, A;LARSSON, H;LICHTENSTEIN, P",JAMA PSYCHIATRY 71 (4): 432-438 APR 2014,57,2014,PSYCHIATRY,epidemiologicalSurvey,Y,6/23/17,7/14/17,4,A,NA,prohibited by law,Will not share data,2014-2016
WOS:000332769700006,https://dx.doi.org/10.1001/jamapsychiatry.2013.3726,MEDLINE:24382686,Comorbidity Of Severe Psychotic Disorders With Measures Of Substance Use,"HARTZ, SM;PATO, CN;MEDEIROS, H;CAVAZOS-REHG, P;SOBELL, JL;KNOWLES, JA;BIERUT, LJ;PATO, MT",JAMA PSYCHIATRY 71 (3): 248-254 MAR 2014,57,2014,PSYCHIATRY,epidemiologicalSurvey,Y,6/23/17,7/14/17,4,D,NA,proprietary,Will not share data,2014-2016
WOS:000345917900007,https://dx.doi.org/10.1001/jamapsychiatry.2014.1314,MEDLINE:25321337,Cardiometabolic Risk In Patients With First-Episode Schizophrenia Spectrum Disorders Baseline Results From The Raise-Etp Study,"CORRELL, CU;ROBINSON, DG;SCHOOLER, NR;BRUNETTE, MF;MUESER, KT;ROSENHECK, RA;MARCY, P;ADDINGTON, J;ESTROFF, SE;ROBINSON, J;PENN, DL;AZRIN, S;GOLDSTEIN, A;SEVERE, J;HEINSSEN, R;KANE, JM",JAMA PSYCHIATRY 71 (12): 1350-1363 DEC 2014,56,2014,PSYCHIATRY,fieldStudy,Y,6/23/17,7/14/17,8,NA,B,NA,Extant sharing system (restricted),2014-2016
WOS:000335947600015,https://dx.doi.org/10.1001/jamapsychiatry.2014.16,MEDLINE:24806211,A Comprehensive Nationwide Study Of The Incidence Rate And Lifetime Risk For Treated Mental Disorders,"PEDERSEN, CB;MORS, O;BERTELSEN, A;WALTOFT, BL;AGERBO, E;MCGRATH, JJ;MORTENSEN, PB;EATON, WW",JAMA PSYCHIATRY 71 (5): 573-581 MAY 2014,55,2014,PSYCHIATRY,epidemiologicalSurvey,Y,6/23/17,7/7/17,8,NA,C H,NA,Extant sharing system (restricted),2014-2016
WOS:000343703800031,https://doi.org/10.1016/S2215-0366(14)70307-4,MEDLINE:26360862,Young Adult Sequelae Of Adolescent Cannabis Use: An Integrative Analysis,"SILINS, E;HORWOOD, LJ;PATTON, GC;FERGUSSON, DM;OLSSON, CA;HUTCHINSON, DM;SPRY, E;TOUMBOUROU, JW;DEGENHARDT, L;SWIFT, W;COFFEY, C;TAIT, RJ;LETCHER, P;COPELAND, J;MATTICK, RP",LANCET PSYCHIATRY 1 (4): 286-293 SEP 2014,54,2014,PSYCHIATRY,fieldStudy,Y,6/23/17,7/12/17,6,NA,NA,NA,Non-response,2014-2016
WOS:000336915600008,https://dx.doi.org/10.1001/jamapsychiatry.2014.163,MEDLINE:24696094,"Effect Of Bitopertin, A Glycine Reuptake Inhibitor, On Negative Symptoms Of Schizophrenia A Randomized, Double-Blind, Proof-Of-Concept Study","UMBRICHT, D;ALBERATI, D;MARTIN-FACKLAM, M;BORRONI, E;YOUSSEF, EA;OSTLAND, M;WALLACE, TL;KNOFLACH, F;DORFLINGER, E;WETTSTEIN, JG;BAUSCH, A;GARIBALDI, G;SANTARELLI, L",JAMA PSYCHIATRY 71 (6): 637-646 JUN 2014,54,2014,PSYCHIATRY,randomizedClinicalTrial,Y,6/23/17,7/25/17,6,NA,NA,NA,Non-response,2014-2016
WOS:000342900200006,https://dx.doi.org/10.1001/jamapsychiatry.2014.1332,MEDLINE:25133871,Association Of Serum Interleukin 6 And C-Reactive Protein In Childhood With Depression And Psychosis In Young Adult Life A Population-Based Longitudinal Study,"KHANDAKER, GM;PEARSON, RM;ZAMMIT, S;LEWIS, G;JONES, PB",JAMA PSYCHIATRY 71 (10): 1121-1128 OCT 2014,53,2014,PSYCHIATRY,fieldStudy,Y,6/23/17,7/14/17,4,A,NA,prohibited by law,Will not share data,2014-2016
WOS:000329350700043,https://dx.doi.org/10.1073/pnas.1312114110,MEDLINE:24324144,Critical Slowing Down As Early Warning For The Onset And Termination Of Depression,"VAN DE LEEMPUT, IA;WICHERS, M;CRAMER, AOJ;BORSBOOM, D;TUERLINCKX, F;KUPPENS, P;VAN NES, EH;VIECHTBAUER, W;GILTAY, EJ;AGGEN, SH;DEROM, C;JACOBS, N;KENDLER, KS;VAN DER MAAS, HLJ;NEALE, MC;PEETERS, F;THIERY, E;ZACHAR, P;SCHEFFER, M",PROC NAT ACAD SCI USA 111 (1): 87-92 JAN 7 2014,53,2014,PSYCHIATRY,caseControl,Y,6/23/17,NA,0,NA,NA,NA,Non-response,2014-2016
WOS:000335926500013,https://dx.doi.org/10.1001/jamapsychiatry.2013.4374,MEDLINE:24576974,Assessment Of Plasma C-Reactive Protein As A Biomarker Of Posttraumatic Stress Disorder Risk,"ERALY, SA;NIEVERGELT, CM;MAIHOFER, AX;BARKAUSKAS, DA;BISWAS, N;AGORASTOS, A;OCONNOR, DT;BAKER, DG",JAMA PSYCHIATRY 71 (4): 423-431 APR 2014,52,2014,PSYCHIATRY,fieldStudy,Y,6/23/17,7/28/17,4,F,NA,NA,Will not share data,2014-2016
WOS:000335947600012,https://dx.doi.org/10.1001/jamapsychiatry.2013.4546,MEDLINE:24647726,"Relative Efficacy Of Mindfulness-Based Relapse Prevention, Standard Relapse Prevention, And Treatment As Usual For Substance Use Disorders","BOWEN, S;WITKIEWITZ, K;CLIFASEFI, SL;GROW, J;CHAWLA, N;HSU, SH;CARROLL, HA;HARROP, E;COLLINS, SE;LUSTYK, MK;LARIMER, ME",JAMA PSYCHIATRY 71 (5): 547-556 MAY 2014,52,2014,PSYCHIATRY,randomizedClinicalTrial,Y,6/23/17,NA,0,NA,NA,NA,Non-response,2014-2016
WOS:000333501000012,https://dx.doi.org/10.1176/appi.ajp.2013.13081014,MEDLINE:24525690,Topiramate Treatment For Heavy Drinkers: Moderation By A Grik1 Polymorphism,"KRANZLER, HR;COVAULT, J;FEINN, R;ARMELI, S;TENNEN, H;ARIAS, AJ;GELERNTER, J;POND, T;ONCKEN, C;KAMPMAN, KM",AMER J PSYCHIAT 171 (4): 445-452 APR 2014,52,2014,PSYCHIATRY,randomizedClinicalTrial,Y,6/23/17,6/26/17,4,C,NA,NA,Will not share data,2014-2016
WOS:000331370600002,https://dx.doi.org/10.1001/jamapsychiatry.2013.3469,MEDLINE:24306091,Disruption Of Cortical Association Networks In Schizophrenia And Psychotic Bipolar Disorder,"BAKER, JT;HOLMES, AJ;MASTERS, GA;YEO, BTT;KRIENEN, F;BUCKNER, RL;ONGUR, D",JAMA PSYCHIATRY 71 (2): 109-118 FEB 2014,52,2014,PSYCHIATRY,caseControl,Y,6/23/17,NA,0,NA,NA,NA,Non-response,2014-2016
WOS:000335926500010,https://dx.doi.org/10.1001/jamapsychiatry.2013.3320,MEDLINE:24554232,Preventive Effects Of Ramelteon On Delirium A Randomized Placebo-Controlled Trial,"HATTA, K;KISHI, Y;WADA, K;TAKEUCHI, T;ODAWARA, T;USUI, C;NAKAMURA, H",JAMA PSYCHIATRY 71 (4): 397-403 APR 2014,52,2014,PSYCHIATRY,randomizedClinicalTrial,Y,6/23/17,7/1/17,3,NA,NA,NA,Sharing with METRICS only,2014-2016
WOS:000336638600011,https://dx.doi.org/10.1176/appi.ajp.2014.13121625,MEDLINE:24743802,"A Randomized, Double-Blind Evaluation Of D-Cycloserine Or Alprazolam Combined With Virtual Reality Exposure Therapy For Posttraumatic Stress Disorder In Iraq And Afghanistan War Veterans","ROTHBAUM, BO;PRICE, M;JOVANOVIC, T;NORRHOLM, SD;GERARDI, M;DUNLOP, B;DAVIS, M;BRADLEY, B;DUNCAN, EJ;RIZZO, A;RESSLER, KJ",AMER J PSYCHIAT 171 (6): 640-648 JUN 2014,51,2014,PSYCHIATRY,randomizedClinicalTrial,Y,6/23/17,7/11/17,4,F,NA,NA,Will not share data,2014-2016
WOS:000336807600003,https://dx.doi.org/10.1097/01.pra.0000442935.15833.c5,MEDLINE:24419307,"Normalizing Effects Of Evp-6124, An Alpha-7 Nicotinic Partial Agonist, On Event-Related Potentials And Cognition: A Proof Of Concept, Randomized Trial In Patients With Schizophrenia","PRESKORN, SH;GAWRYL, M;DGETLUCK, N;PALFREYMAN, M;BAUER, LO;HILT, DC",J PSYCHIATR PRACT 20 (1): 12-23 JAN 2014,51,2014,PSYCHIATRY,randomizedClinicalTrial,Y,6/23/17,6/24/17,4,D,NA,proprietary,Will not share data,2014-2016
WOS:000334174900008,https://dx.doi.org/10.1002/da.22253,MEDLINE:24668760,Effects Of Ketamine On Explicit And Implicit Suicidal Cognition: A Randomized Controlled Trial In Treatment-Resistant Depression,"PRICE, RB;IOSIFESCU, DV;MURROUGH, JW;CHANG, LC;AL JURDI, RK;IQBAL, SZ;SOLEIMANI, L;CHARNEY, DS;FOULKES, AL;MATHEW, SJ",DEPRESS ANXIETY 31 (4): 335-343 APR 2014,51,2014,PSYCHIATRY,randomizedClinicalTrial,Y,6/23/17,7/13/17,1,NA,NA,NA,Data Ark (unrestricted),2014-2016
WOS:000338929400001,https://dx.doi.org/10.1097/NMD.0000000000000113,MEDLINE:24594678,Safety And Efficacy Of Lysergic Acid Diethylamide-Assisted Psychotherapy For Anxiety Associated With Life-Threatening Diseases,"GASSER, P;HOLSTEIN, D;MICHEL, Y;DOBLIN, R;YAZAR-KLOSINSKI, B;PASSIE, T;BRENNEISEN, R",J NERV MENT DIS 202 (7): 513-520 JUL 2014,49,2014,PSYCHIATRY,randomizedClinicalTrial,Y,6/23/17,6/26/17,4,D,NA,proprietary,Will not share data,2014-2016
WOS:000344611900009,https://dx.doi.org/10.1093/schbul/sbu033,MEDLINE:24609454,"Feasibility, Acceptability, And Preliminary Efficacy Of A Smartphone Intervention For Schizophrenia","BEN-ZEEV, D;BRENNER, CJ;BEGALE, M;DUFFECY, J;MOHR, DC;MUESER, KT",SCHIZOPHRENIA BULL 40 (6): 1244-1253 NOV 2014,48,2014,PSYCHIATRY,fieldStudy,Y,6/23/17,NA,0,NA,NA,NA,Non-response,2014-2016
WOS:000344611900035,https://dx.doi.org/10.1093/schbul/sbt181,MEDLINE:24345517,"Daily Use, Especially Of High-Potency Cannabis, Drives The Earlier Onset Of Psychosis In Cannabis Users","DI FORTI, M;SALLIS, H;ALLEGRI, F;TROTTA, A;FERRARO, L;STILO, SA;MARCONI, A;LA CASCIA, C;MARQUES, TR;PARIANTE, C;DAZZAN, P;MONDELLI, V;PAPARELLI, A;KOLLIAKOU, A;PRATA, D;GAUGHRAN, F;DAVID, AS;MORGAN, C;STAHL, D;KHONDOKER, M;MACCABE, JH;MURRAY, RM",SCHIZOPHRENIA BULL 40 (6): 1509-1517 NOV 2014,48,2014,PSYCHIATRY,caseControl,Y,6/23/17,7/12/17,4,A,NA,no ethical approval for sharing,Will not share data,2014-2016
WOS:000341775300005,https://dx.doi.org/10.1001/jamapsychiatry.2014.817,MEDLINE:24989152,Multicenter Pilot Treatment Trial For Psychogenic Nonepileptic Seizures A Randomized Clinical Trial,"LAFRANCE, WC;BAIRD, GL;BARRY, JJ;BLUM, AS;WEBB, AF;KEITNER, GI;MACHAN, JT;MILLER, I;SZAFLARSKI, JP",JAMA PSYCHIATRY 71 (9): 997-1005 SEP 2014,47,2014,PSYCHIATRY,randomizedClinicalTrial,Y,6/23/17,7/7/17,7,NA,NA,NA,Non-response,2014-2016
WOS:000333501000010,https://dx.doi.org/10.1176/appi.ajp.2013.13101375,MEDLINE:24525762,Sex Differences In The Pathways To Major Depression: A Study Of Opposite-Sex Twin Pairs,"KENDLER, KS;GARDNER, CO",AMER J PSYCHIAT 171 (4): 426-435 APR 2014,47,2014,PSYCHIATRY,caseControl,Y,6/23/17,6/23/17,4,B,NA,NA,Will not share data,2014-2016
WOS:000329478800016,https://dx.doi.org/,MEDLINE:24030246,Neuropsychological Decline In Schizophrenia From The Premorbid To The Postonset Period: Evidence From A Population-Representative Longitudinal Study,"MEIER, MH;CASPI, A;REICHENBERG, A;KEEFE, RSE;FISHER, HL;HARRINGTON, N;HOUTS, R;POULTON, R;MOFFITT, TE",AMER J PSYCHIAT 171 (1): 91-101 JAN 2014,47,2014,PSYCHIATRY,fieldStudy,Y,6/23/17,6/24/17,8,NA,B D E F,NA,Extant sharing system (restricted),2014-2016
WOS:000336915600013,https://dx.doi.org/10.1001/jamapsychiatry.2014.62,MEDLINE:24740528,Efficacy Of Intravenous Ketamine For Treatment Of Chronic Posttraumatic Stress Disorder A Randomized Clinical Trial,"FEDER, A;PARIDES, MK;MURROUGH, JW;PEREZ, AM;MORGAN, JE;SAXENA, S;KIRKWOOD, K;AAN HET ROT, M;LAPIDUS, KAB;WAN, LB;IOSIFESCU, D;CHARNEY, DS",JAMA PSYCHIATRY 71 (6): 681-688 JUN 2014,45,2014,PSYCHIATRY,randomizedClinicalTrial,Y,6/23/17,NA,0,NA,NA,NA,Non-response,2014-2016
WOS:000336836900002,https://dx.doi.org/10.1027/1864-9335/a000178,NA,Investigating Variation In Replicability A Many Labs Replication Project,"KLEIN, RA;RATLIFF, KA;VIANELLO, M;ADAMS, RB;BAHNIK, S;BERNSTEIN, MJ;BOCIAN, K;BRANDT, MJ;BROOKS, B;BRUMBAUGH, CC;CEMALCILAR, Z;CHANDLER, J;CHEONG, W;DAVIS, WE;DEVOS, T;EISNER, M;FRANKOWSKA, N;FURROW, D;GALLIANI, EM;HASSELMAN, F;HICKS, JA;HOVERMALE, JF;HUNT, SJ;HUNTSINGER, JR;IJZERMAN, H;JOHN, MS;JOY-GABA, JA;KAPPES, HB;KRUEGER, LE;KURTZ, J;LEVITAN, CA;MALLETT, RK;MORRIS, WL;NELSON, AJ;NIER, JA;PACKARD, G;PILATI, R;RUTCHICK, AM;SCHMIDT, K;SKORINKO, JL;SMITH, R;STEINER, TG;STORBECK, J;VAN SWOL, LM;THOMPSON, D;VAN T VEER, AE;VAUGHN, LA;VRANKA, M;WICHMAN, AL;WOODZICKA, JA;NOSEK, BA",SOC PSYCHOL 45 (3): 142-152 2014,95,2014,PSYCHOLOGY,laboratoryExperiment,Y,6/23/17,6/23/17,8,NA,A,NA,Extant sharing system (unrestricted),2014-2016
WOS:000340226100009,https://dx.doi.org/10.3758/s13428-013-0365-7,MEDLINE:23835650,Nonnaivete Among Amazon Mechanical Turk Workers: Consequences And Solutions For Behavioral Researchers,"CHANDLER, J;MUELLER, P;PAOLACCI, G",BEHAV RES METHODS 46 (1): 112-130 MAR 2014,85,2014,PSYCHOLOGY,fieldStudy,Y,6/23/17,7/12/17,1,NA,NA,NA,Data Ark (unrestricted),2014-2016
WOS:000329479400021,https://dx.doi.org/10.1016/j.addbeh.2013.10.028,MEDLINE:24229843,A Longitudinal Study Of Electronic Cigarette Users,"ETTER, JF;BULLEN, C",ADDICT BEHAV 39 (2): 491-494 SP. ISS. SI FEB 2014,76,2014,PSYCHOLOGY,fieldStudy,Y,6/23/17,6/28/17,1,NA,NA,NA,Data Ark (unrestricted),2014-2016
WOS:000334076300009,https://dx.doi.org/10.3758/s13421-013-0364-z,MEDLINE:24081919,The Role Of Individual Differences In Cognitive Training And Transfer,"JAEGGI, SM;BUSCHKUEHL, M;SHAH, P;JONIDES, J",MEM COGNITION 42 (3): 464-480 APR 2014,68,2014,PSYCHOLOGY,laboratoryExperiment,Y,6/23/17,NA,0,NA,NA,NA,Non-response,2014-2016
WOS:000332059900003,https://dx.doi.org/10.1177/1073191113514105,MEDLINE:24322012,Introducing The Short Dark Triad ( Sd3): A Brief Measure Of Dark Personality Traits,"JONES, DN;PAULHUS, DL",ASSESSMENT 21 (1): 28-41 FEB 2014,64,2014,PSYCHOLOGY,instrumentDevelopment,Y,6/23/17,NA,0,NA,NA,NA,Non-response,2014-2016
WOS:000335537400036,https://dx.doi.org/10.1126/science.1246850,MEDLINE:24812395,Large-Scale Psychological Differences Within China Explained By Rice Versus Wheat Agriculture,"TALHELM, T;ZHANG, X;OISHI, S;SHIMIN, C;DUAN, D;LAN, X;KITAYAMA, S",SCIENCE 344 (6184): 603-608 MAY 9 2014,62,2014,PSYCHOLOGY,epidemiologicalSurvey,Y,6/23/17,6/25/17,7,NA,NA,NA,Non-response,2014-2016
WOS:000336108500001,https://dx.doi.org/10.1016/j.cogpsych.2014.01.003,MEDLINE:24531497,"Working Memory And Fluid Intelligence: Capacity, Attention Control, And Secondary Memory Retrieval","UNSWORTH, N;FUKUDA, K;AWH, E;VOGEL, EK",COG PSYCHOL 71: 1-26 JUN 2014,60,2014,PSYCHOLOGY,laboratoryExperiment,Y,6/23/17,6/26/17,4,C,NA,NA,Will not share data,2014-2016
WOS:000333463400009,https://dx.doi.org/10.1037/a0035036,MEDLINE:24294837,Mindfulness-Based Cognitive Therapy For Preventing Relapse In Recurrent Depression: A Randomized Dismantling Trial,"WILLIAMS, JMG;CRANE, C;BARNHOFER, T;BRENNAN, K;DUGGAN, DS;FENNELL, MJV;HACKMANN, A;KRUSCHE, A;MUSE, K;VON ROHR, IR;SHAH, D;CRANE, RS;EAMES, C;JONES, M;RADFORD, S;SILVERTON, S;SUN, YZ;WEATHERLEY-JONES, E;WHITAKER, CJ;RUSSELL, D;RUSSELL, IT",J CONSULT CLIN PSYCHOL 82 (2): 275-286 APR 2014,58,2014,PSYCHOLOGY,randomizedClinicalTrial,Y,6/23/17,6/28/17,4,A,NA,data sharing not on consent form,Will not share data,2014-2016
WOS:000336185700004,https://dx.doi.org/10.1016/j.jecp.2014.01.013,MEDLINE:24699178,Relations Of Different Types Of Numerical Magnitude Representations To Each Other And To Mathematics Achievement,"FAZIO, LK;BAILEY, DH;THOMPSON, CA;SIEGLER, RS",J EXP CHILD PSYCHOL 123: 53-72 JUL 2014,57,2014,PSYCHOLOGY,fieldStudy,Y,6/23/17,7/15/17,1,NA,NA,NA,Data Ark (unrestricted),2014-2016
WOS:000340226300022,https://dx.doi.org/10.3758/s13428-013-0403-5,MEDLINE:24142837,Concreteness Ratings For 40 Thousand Generally Known English Word Lemmas,"BRYSBAERT, M;WARRINER, AB;KUPERMAN, V",BEHAV RES METHODS 46 (3): 904-911 SEP 2014,54,2014,PSYCHOLOGY,instrumentDevelopment,Y,6/23/17,6/25/17,1,NA,NA,NA,Data Ark (unrestricted),2014-2016
WOS:000347099100011,https://dx.doi.org/10.3758/s13428-013-0434-y,MEDLINE:24356996,Reputation As A Sufficient Condition For Data Quality On Amazon Mechanical Turk,"PEER, E;VOSGERAU, J;ACQUISTI, A",BEHAV RES METHODS 46 (4): 1023-1031 DEC 2014,51,2014,PSYCHOLOGY,laboratoryExperiment,Y,6/23/17,6/24/17,5,NA,NA,NA,Non-response,2014-2016
WOS:000329560300049,https://dx.doi.org/10.1016/j.addbeh.2013.09.014,MEDLINE:24094920,Trends In Use Of Electronic Nicotine Delivery Systems By Adolescents,"CAMENGA, DR;DELMERICO, J;KONG, G;CAVALLO, D;HYLAND, A;CUMMINGS, KM;KRISHNAN-SARIN, S",ADDICT BEHAV 39 (1): 338-340 JAN 2014,50,2014,PSYCHOLOGY,fieldStudy,Y,6/23/17,7/25/17,6,NA,NA,NA,Non-response,2014-2016
WOS:000337998300017,https://dx.doi.org/10.1176/appi.ajp.2014.13101401,MEDLINE:24743774,Adult Health Outcomes Of Childhood Bullying Victimization: Evidence From A Five-Decade Longitudinal British Birth Cohort,"TAKIZAWA, R;MAUGHAN, B;ARSENEAULT, L",AMER J PSYCHIAT 171 (7): 777-784 JUL 2014,49,2014,PSYCHOLOGY,fieldStudy,Y,6/23/17,6/25/17,8,NA,G B,NA,Extant sharing system (restricted),2014-2016
WOS:000335632700018,https://dx.doi.org/10.1016/j.addbeh.2014.03.009,MEDLINE:24679611,Prevalence And Characteristics Of E-Cigarette Users In Great Britain: Findings From A General Population Survey Of Smokers,"BROWN, J;WEST, R;BEARD, E;MICHIE, S;SHAHAB, L;MCNEILL, A",ADDICT BEHAV 39 (6): 1120-1125 JUN 2014,49,2014,PSYCHOLOGY,epidemiologicalSurvey,Y,6/23/17,NA,0,NA,NA,NA,Non-response,2014-2016
WOS:000359200000004,https://dx.doi.org/10.1001/jamapsychiatry.2015.0584,MEDLINE:26039070,Epidemiology Of Dsm-5 Alcohol Use Disorder Results From The National Epidemiologic Survey On Alcohol And Related Conditions Iii,"GRANT, BF;GOLDSTEIN, RB;SAHA, TD;CHOU, SP;JUNG, J;ZHANG, HT;PICKERING, RP;RUAN, WJ;SMITH, SM;HUANG, BJ;HASIN, DS",JAMA PSYCHIATRY 72 (8): 757-766 AUG 2015,88,2015,PSYCHIATRY,epidemiologicalSurvey,Y,6/23/17,6/23/17,8,NA,B D,NA,Extant sharing system (restricted),2014-2016
WOS:000350976600019,https://dx.doi.org/10.4088/JCP.14m09298,MEDLINE:25742202,The Economic Burden Of Adults With Major Depressive Disorder In The United States (2005 And 2010),"GREENBERG, PE;FOURNIER, AA;SISITSKY, T;PIKE, CT;KESSLER, RC",J CLIN PSYCHIAT 76 (2): 155-U115 FEB 2015,61,2015,PSYCHIATRY,epidemiologicalSurvey,Y,6/23/17,6/28/17,4,D,NA,generated elsewhere,Will not share data,2014-2016
WOS:000350573600010,https://dx.doi.org/10.1001/jamapsychiatry.2014.2427,MEDLINE:25629589,"Role Of Translocator Protein Density, A Marker Of Neuroinflammation, In The Brain During Major Depressive Episodes","SETIAWAN, E;WILSON, AA;MIZRAHI, R;RUSJAN, PM;MILER, L;RAJKOWSKA, G;SURIDJAN, I;KENNEDY, JL;REKKAS, V;HOULE, S;MEYER, JH",JAMA PSYCHIATRY 72 (3): 268-275 MAR 2015,60,2015,PSYCHIATRY,caseControl,Y,6/23/17,NA,0,NA,NA,NA,Non-response,2014-2016
WOS:000352706800021,https://dx.doi.org/10.1016/S2215-0366(14)00117-5,MEDLINE:26359901,Proportion Of Patients In South London With First-Episode Psychosis Attributable To Use Of High Potency Cannabis: A Case-Control Study,"DI FORTI, M;MARCONI, A;CARRA, E;FRAIETTA, S;TROTTA, A;BONOMO, M;BIANCONI, F;GARDNER-SOOD, P;OCONNOR, J;RUSSO, M;STILO, SA;MARQUES, TR;MONDELLI, V;DAZZAN, P;PARIANTE, C;DAVID, AS;GAUGHRAN, F;ATAKAN, Z;IYEGBE, C;POWELL, J;MORGAN, C;LYNSKEY, M;MURRAY, RM",LANCET PSYCHIATRY 2 (3): 233-238 MAR 2015,56,2015,PSYCHIATRY,caseControl,Y,6/23/17,7/12/17,4,A,NA,no ethical approval for sharing,Will not share data,2014-2016
WOS:000349452800009,https://dx.doi.org/10.1001/jamapsychiatry.2014.1763,MEDLINE:25517224,Benzodiazepine Use In The United States,"OLFSON, M;KING, M;SCHOENBAUM, M",JAMA PSYCHIATRY 72 (2): 136-142 FEB 2015,55,2015,PSYCHIATRY,epidemiologicalSurvey,Y,6/23/17,7/12/17,4,D,NA,proprietary,Will not share data,2014-2016
WOS:000354181400006,https://dx.doi.org/10.1001/jamapsychiatry.2014.3018,MEDLINE:25786075,"Antipsychotics, Other Psychotropics, And The Risk Of Death In Patients With Dementia Number Needed To Harm","MAUST, DT;KIM, HM;SEYFRIED, LS;CHIANG, C;KAVANAGH, J;SCHNEIDER, LS;KALES, HC",JAMA PSYCHIATRY 72 (5): 438-445 MAY 2015,50,2015,PSYCHIATRY,caseControl,Y,6/23/17,6/30/17,4,A,NA,prohibited by law,Will not share data,2014-2016
WOS:000360646800042,https://dx.doi.org/10.1126/science.aac4716,NA,Estimating The Reproducibility Of Psychological Science,"AARTS, AA;ANDERSON, JE;ANDERSON, CJ;ATTRIDGE, PR;ATTWOOD, A;AXT, J;BABEL, M;BAHNIK, S;BARANSKI, E;BARNETT-COWAN, M;BARTMESS, E;BEER, J;BELL, R;BENTLEY, H;BEYAN, L;BINION, G;BORSBOOM, D;BOSCH, A;BOSCO, FA;BOWMAN, SD;BRANDT, MJ;BRASWELL, E;BROHMER, H;BROWN, BT;BROWN, K;BRUNING, J;CALHOUN-SAULS, A;CALLAHAN, SP;CHAGNON, E;CHANDLER, J;CHARTIER, CR;CHEUNG, F;CHRISTOPHERSON, CD;CILLESSEN, L;CLAY, R;CLEARY, H;CLOUD, MD;COHN, M;COHOON, J;COLUMBUS, S;CORDES, A;COSTANTINI, G;ALVAREZ, LDC;CREMATA, E;CRUSIUS, J;DECOSTER, J;DEGAETANO, MA;DELLA PENNA, N;DEN BEZEMER, B;DESERNO, MK;DEVITT, O;DEWITTE, L;DOBOLYI, DG;DODSON, GT;DONNELLAN, MB;DONOHUE, R;DORE, RA;DORROUGH, A;DREBER, A;DUGAS, M;DUNN, EW;EASEY, K;EBOIGBE, S;EGGLESTON, C;EMBLEY, J;EPSKAMP, S;ERRINGTON, TM;ESTEL, V;FARACH, FJ;FEATHER, J;FEDOR, A;FERNANDEZ-CASTILLA, B;FIEDLER, S;FIELD, JG;FITNEVA, SA;FLAGAN, T;FOREST, AL;FORSELL, E;FOSTER, JD;FRANK, MC;FRAZIER, RS;FUCHS, H;GABLE, P;GALAK, J;GALLIANI, EM;GAMPA, A;GARCIA, S;GAZARIAN, D;GILBERT, E;GINER-SOROLLA, R;GLOCKNER, A;GOELLNER, L;GOH, JX;GOLDBERG, R;GOODBOURN, PT;GORDON-MCKEON, S;GORGES, B;GORGES, J;GOSS, J;GRAHAM, J;GRANGE, JA;GRAY, J;HARTGERINK, C;HARTSHORNE, J;HASSELMAN, F;HAYES, T;HEIKENSTEN, E;HENNINGER, F;HODSOLL, J;HOLUBAR, T;HOOGENDOORN, G;HUMPHRIES, DJ;HUNG, COY;IMMELMAN, N;IRSIK, VC;JAHN, G;JAKEL, F;JEKEL, M;JOHANNESSON, M;JOHNSON, LG;JOHNSON, DJ;JOHNSON, KM;JOHNSTON, WJ;JONAS, K;JOY-GABA, JA;KAPPES, HB;KELSO, K;KIDWELL, MC;KIM, SK;KIRKHART, M;KLEINBERG, B;KNEZEVIC, G;KOLORZ, FM;KOSSAKOWSKI, JJ;KRAUSE, RW;KRIJNEN, J;KUHLMANN, T;KUNKELS, YK;KYC, MM;LAI, CK;LAIQUE, A;LAKENS, D;LANE, KA;LASSETTER, B;LAZAREVIC, LB;LEBEL, EP;LEE, KJ;LEE, M;LEMM, K;LEVITAN, CA;LEWIS, M;LIN, L;LIN, S;LIPPOLD, M;LOUREIRO, D;LUTEIJN, I;MACKINNON, S;MAINARD, HN;MARIGOLD, DC;MARTIN, DP;MARTINEZ, T;MASICAMPO, EJ;MATACOTTA, J;MATHUR, M;MAY, M;MECHIN, N;MEHTA, P;MEIXNER, J;MELINGER, A;MILLER, JK;MILLER, M;MOORE, K;MOSCHL, M;MOTYL, M;MULLER, SM;MUNAFO, M;NEIJENHUIJS, KI;NERVI, T;NICOLAS, G;NILSONNE, G;NOSEK, BA;NUIJTEN, MB;OLSSON, C;OSBORNE, C;OSTKAMP, L;PAVEL, M;PENTON-VOAK, IS;PERNA, O;PERNET, C;PERUGINI, M;PIPITONE, RN;PITTS, M;PLESSOW, F;PRENOVEAU, JM;RAHAL, RM;RATLIFF, KA;REINHARD, D;RENKEWITZ, F;RICKER, AA;RIGNEY, A;RIVERS, AM;ROEBKE, M;RUTCHICK, AM;RYAN, RS;SAHIN, O;SAIDE, A;SANDSTROM, GM;SANTOS, D;SAXE, R;SCHLEGELMILCH, R;SCHMIDT, K;SCHOLZ, S;SEIBEL, L;SELTERMAN, DF;SHAKI, S;SIMPSON, WB;SINCLAIR, HC;SKORINKO, JLM;SLOWIK, A;SNYDER, JS;SODERBERG, C;SONNLEITNER, C;SPENCER, N;SPIES, JR;STEEGEN, S;STIEGER, S;STROHMINGER, N;SULLIVAN, GB;TALHELM, T;TAPIA, M;TE DORSTHORST, A;THOMAE, M;THOMAS, SL;TIO, P;TRAETS, F;TSANG, S;TUERLINCKX, F;TURCHAN, P;VALASEK, M;VAN T VEER, AE;VAN AERT, R;VAN ASSEN, M;VAN BORK, R;VAN DE VEN, M;VAN DEN BERGH, D;VAN DER HULST, M;VAN DOOREN, R;VAN DOORN, J;VAN RENSWOUDE, DR;VAN RIJN, H;VANPAEMEL, W;ECHEVERRIA, AV;VAZQUEZ, M;VELEZ, N;VERMUE, M;VERSCHOOR, M;VIANELLO, M;VORACEK, M;VUU, G;WAGENMAKERS, EJ;WEERDMEESTER, J;WELSH, A;WESTGATE, EC;WISSINK, J;WOOD, M;WOODS, A;WRIGHT, E;WU, S;ZEELENBERG, M;ZUNI, K",SCIENCE 349 (6251): - AUG 28 2015,57,2015,PSYCHOLOGY,laboratoryExperiment,Y,6/23/17,6/23/17,8,NA,A,NA,Extant sharing system (unrestricted),2014-2016
WOS:000348034700009,https://dx.doi.org/10.1016/j.biopsycho.2014.11.004,MEDLINE:25451381,Knowing Your Own Heart: Distinguishing Interoceptive Accuracy From Interoceptive Awareness,"GARFINKEL, SN;SETH, AK;BARRETT, AB;SUZUKI, K;CRITCHLEY, HD",BIOL PSYCHOL 104: 65-74 JAN 2015,56,2015,PSYCHOLOGY,instrumentDevelopment,Y,6/23/17,NA,0,NA,NA,NA,Non-response,2014-2016
WOS:000347915300033,https://dx.doi.org/10.1126/science.1261375,MEDLINE:25593183,Expectations Of Brilliance Underlie Gender Distributions Across Academic Disciplines,"LESLIE, SJ;CIMPIAN, A;MEYER, M;FREELAND, E",SCIENCE 347 (6219): 262-265 JAN 16 2015,48,2015,PSYCHOLOGY,fieldStudy,Y,6/23/17,6/24/17,8,NA,A,NA,Extant sharing system (unrestricted),2014-2016
